id_bact,id_treatment,date,sample_weight,dilution_ecoli,ecoli_counted,dilution_enterococcus,enterococcus_counted
1,6,2025-05-14T00:00:00Z,0.2500000000000002,100,4,NA,NA
2,6,2025-05-14T00:00:00Z,0.22999999999999998,100,8,NA,NA
3,6,2025-05-14T00:00:00Z,0.31999999999999984,100,3,NA,NA
4,9,2025-05-14T00:00:00Z,0.2200000000000002,100,0,NA,NA
5,9,2025-05-14T00:00:00Z,0.13000000000000012,100,0,NA,NA
6,9,2025-05-14T00:00:00Z,0.15000000000000036,100,0,NA,NA
7,6,2025-05-19T00:00:00Z,0.15,10,1,NA,NA
8,6,2025-05-19T00:00:00Z,0.21,10,6,NA,NA
9,6,2025-05-19T00:00:00Z,0.29,10,10,NA,NA
10,9,2025-05-19T00:00:00Z,0.19,10,1,NA,NA
11,9,2025-05-19T00:00:00Z,0.21,10,0,NA,NA
12,9,2025-05-19T00:00:00Z,0.16,10,2,NA,NA
13,10,2025-07-23T00:00:00Z,0.71,1000000,94,NA,NA
14,11,2025-07-23T00:00:00Z,0.62,2000000,75,NA,NA
15,12,2025-07-23T00:00:00Z,0.85,1000000,91,NA,NA
16,13,2025-07-23T00:00:00Z,0.54,100000,39,NA,NA
17,14,2025-07-23T00:00:00Z,1.08,100000,170,NA,NA
18,15,2025-07-23T00:00:00Z,0.98,1000000,75,NA,NA
19,16,2025-07-23T00:00:00Z,1.08,5000,16,NA,NA
20,17,2025-07-23T00:00:00Z,1.45,5000,0,NA,NA
21,18,2025-07-23T00:00:00Z,1.38,50,21,NA,NA
22,19,2025-07-24T00:00:00Z,0.57,2000000,85,NA,NA
23,20,2025-07-24T00:00:00Z,1.14,2000000,48,NA,NA
24,21,2025-07-24T00:00:00Z,0.91,2000000,73,NA,NA
25,22,2025-07-24T00:00:00Z,1.07,2000000,72,NA,NA
26,23,2025-07-24T00:00:00Z,0.94,2000000,104,NA,NA
27,24,2025-07-24T00:00:00Z,1.06,2000000,106,NA,NA
28,29,2025-07-24T00:00:00Z,1.35,50,0,NA,NA
29,30,2025-07-24T00:00:00Z,1.05,50,0,NA,NA
30,31,2025-07-24T00:00:00Z,1.23,50,0,NA,NA
31,77,2025-08-19T00:00:00Z,1.06,5000000,365,NA,NA
32,85,2025-08-19T00:00:00Z,1.18,5000000,331,NA,NA
33,87,2025-08-19T00:00:00Z,1.4,10,0,NA,NA
34,88,2025-08-19T00:00:00Z,1.41,10,1,NA,NA
35,89,2025-08-19T00:00:00Z,2,10,0,NA,NA
36,90,2025-08-19T00:00:00Z,1.52,5000000,258,NA,NA
37,91,2025-08-19T00:00:00Z,1.17,5000000,119,NA,NA
38,92,2025-08-19T00:00:00Z,1.56,5000000,508,NA,NA
39,93,2025-08-19T00:00:00Z,1.37,5000000,146,NA,NA
40,94,2025-08-19T00:00:00Z,1.5,5000000,221,NA,NA
41,95,2025-08-19T00:00:00Z,1.54,5000000,208,NA,NA
42,118,2025-08-21T00:00:00Z,1.4,10,62,NA,NA
43,116,2025-08-21T00:00:00Z,1.29,10,28,NA,NA
44,108,2025-08-21T00:00:00Z,1.5,10,17,NA,NA
45,103,2025-08-21T00:00:00Z,0.92,50000,229,NA,NA
46,104,2025-08-21T00:00:00Z,0.98,50000,55,NA,NA
47,105,2025-08-21T00:00:00Z,0.8,50000,69,NA,NA
48,110,2025-08-21T00:00:00Z,0.75,50000000,156,NA,NA
49,111,2025-08-21T00:00:00Z,0.62,50000000,138,NA,NA
50,112,2025-08-21T00:00:00Z,0.71,50000000,157,NA,NA
51,101,2025-08-21T00:00:00Z,0.64,100000,163,NA,NA
52,102,2025-08-21T00:00:00Z,0.98,100000,37,NA,NA
53,103,2025-08-21T00:00:00Z,0.59,10000000,13,NA,NA
54,117,2025-08-21T00:00:00Z,1.07,10000000,307,NA,NA
55,109,2025-08-21T00:00:00Z,0.72,10000000,24,NA,NA
56,119,2025-08-27T00:00:00Z,0.8899999999999997,50,0,NA,NA
57,120,2025-08-27T00:00:00Z,1.7699999999999996,50,0,NA,NA
58,121,2025-08-27T00:00:00Z,1.13,100000,80,NA,NA
59,122,2025-08-27T00:00:00Z,1.6,100000,75,NA,NA
60,123,2025-08-27T00:00:00Z,1.2799999999999994,10000,56,NA,NA
61,124,2025-08-27T00:00:00Z,2.0599999999999996,10000,32,NA,NA
62,125,2025-08-27T00:00:00Z,1.3899999999999997,5000000,0,NA,NA
63,126,2025-08-27T00:00:00Z,1.42,5000000,0,NA,NA
64,127,2025-08-27T00:00:00Z,1.92,5000000,0,NA,NA
